timestamp;rms;peak_to_peak;std;mean;max;label
14:11:16.770;0.0895;0.28827;0.03237;0.08798;0.23212;0
14:11:16.870;0.1138;0.33484;0.04262;0.11612;0.28354;0
14:11:16.970;0.14725;0.52581;0.07231;0.13658;0.39948;0
14:11:17.070;0.14377;0.51279;0.05845;0.14009;0.39649;0
14:11:17.170;0.12387;0.37771;0.04505;0.12176;0.31062;0
14:11:17.270;0.11157;0.33363;0.04131;0.10412;0.27094;0
14:11:17.370;0.11895;0.39255;0.04245;0.1176;0.31387;0
14:11:17.470;0.1063;0.33023;0.04572;0.11095;0.27607;0
14:11:17.570;0.10287;0.2919;0.04192;0.10359;0.24954;0
14:11:17.670;0.10369;0.29246;0.05405;0.10126;0.24749;0
14:11:17.770;0.16475;0.54974;0.06125;0.14304;0.41791;0
14:11:17.870;0.10473;0.31859;0.04731;0.09073;0.25002;0
14:11:17.970;0.08625;0.27611;0.03684;0.08115;0.21921;0
14:11:18.070;0.1158;0.33119;0.04418;0.11347;0.27906;0
14:11:18.170;0.11151;0.39688;0.04395;0.11482;0.31327;0
14:11:18.270;0.08298;0.26568;0.0363;0.07631;0.20915;0
14:11:18.370;0.13973;0.44225;0.06843;0.14667;0.3678;0
14:11:18.470;0.08448;0.28153;0.03586;0.08328;0.22405;0
14:11:18.570;0.11996;0.37434;0.05677;0.12239;0.30956;0
14:11:18.670;0.11931;0.39038;0.05905;0.10719;0.30238;0
14:11:18.770;0.12534;0.41485;0.06052;0.12871;0.33613;0
14:11:18.870;0.10007;0.36;0.05465;0.09991;0.27992;0
14:11:18.970;0.09398;0.28198;0.03634;0.08753;0.22852;0
14:11:19.070;0.13631;0.43663;0.05275;0.13928;0.35759;0
14:11:19.170;0.10726;0.34858;0.0462;0.10002;0.27431;0
14:11:19.270;0.10512;0.3667;0.0489;0.09461;0.27796;0
14:11:19.370;0.11406;0.37121;0.05154;0.10194;0.28755;0
14:11:19.470;0.1437;0.4574;0.05561;0.13993;0.36863;0
14:11:19.570;0.11356;0.32777;0.05187;0.10318;0.26707;0
14:11:19.670;0.15585;0.5216;0.06715;0.14201;0.40281;0
14:11:19.770;0.16182;0.49768;0.07469;0.14868;0.39751;0
14:11:19.870;0.14019;0.44206;0.07214;0.14064;0.36167;0
14:11:19.970;0.12209;0.43625;0.05314;0.11879;0.33691;0
14:11:20.070;0.17564;0.58981;0.06314;0.16873;0.46363;0
14:11:20.170;0.1164;0.41459;0.05315;0.09902;0.30631;0
14:11:20.270;0.09916;0.29455;0.04056;0.08616;0.23344;0
14:11:20.370;0.08334;0.27711;0.03236;0.08521;0.22377;0
14:11:20.470;0.08079;0.25959;0.03035;0.07571;0.2055;0
14:11:20.570;0.10154;0.29946;0.05369;0.09945;0.24918;0
14:11:20.670;0.10681;0.33002;0.05307;0.11023;0.27524;0
14:11:20.770;0.06233;0.19936;0.03117;0.05687;0.15655;0
14:11:20.870;0.11743;0.39721;0.04264;0.11092;0.30953;0
14:11:20.970;0.11677;0.33415;0.05604;0.12184;0.28891;0
14:11:21.070;0.10949;0.373;0.05893;0.09869;0.28519;0
14:11:21.170;0.11877;0.3702;0.04918;0.11463;0.29974;0
14:11:21.270;0.13003;0.45513;0.06101;0.1291;0.35666;0
14:11:21.370;0.14446;0.40516;0.05117;0.14268;0.34526;0
14:11:21.470;0.16082;0.56453;0.07494;0.13947;0.42173;0
14:11:21.570;0.09803;0.28969;0.03914;0.09995;0.2448;0
14:11:21.670;0.07615;0.23193;0.02755;0.07693;0.19289;0
14:11:21.770;0.14059;0.4339;0.05014;0.13202;0.34897;0
14:11:21.870;0.10831;0.34;0.04087;0.09883;0.26883;0
14:11:21.970;0.11636;0.34308;0.05145;0.11566;0.2872;0
14:11:22.070;0.09241;0.27278;0.04679;0.09084;0.22723;0
14:11:22.170;0.09172;0.29537;0.03419;0.08481;0.23249;0
14:11:22.270;0.15994;0.50042;0.06727;0.15595;0.40616;0
14:11:22.370;0.09708;0.3275;0.03602;0.08527;0.24902;0
14:11:22.470;0.14643;0.45246;0.05487;0.13266;0.35889;0
14:11:22.570;0.0886;0.2515;0.03879;0.08967;0.21542;0
14:11:22.670;0.14753;0.43371;0.06148;0.13768;0.35454;0
14:11:22.770;0.10534;0.30953;0.04501;0.08954;0.2443;0
14:11:22.870;0.15386;0.52382;0.07647;0.15763;0.41954;0
14:11:22.970;0.16037;0.47354;0.05778;0.16554;0.40231;0
14:11:23.070;0.16412;0.49111;0.06994;0.15556;0.40112;0
14:11:23.170;0.12771;0.36317;0.05841;0.13123;0.31282;0
14:11:23.270;0.11441;0.3338;0.04035;0.10025;0.26715;0
14:11:23.370;0.10289;0.32574;0.0511;0.08929;0.25216;0
14:11:23.470;0.1033;0.31109;0.03805;0.10251;0.25805;0
14:11:23.570;0.14998;0.43951;0.07322;0.15029;0.37005;0
14:11:23.670;0.12489;0.39005;0.05755;0.10942;0.30445;0
14:11:23.770;0.13206;0.44567;0.06002;0.12469;0.34752;0
14:11:23.870;0.12569;0.40502;0.04773;0.11662;0.31913;0
14:11:23.970;0.16009;0.53822;0.07662;0.13715;0.40626;0
14:11:24.070;0.13298;0.41815;0.06419;0.11457;0.32364;0
14:11:24.170;0.13246;0.37176;0.06619;0.12401;0.30989;0
14:11:24.270;0.11604;0.33007;0.06209;0.11786;0.28289;0
14:11:24.370;0.12151;0.35668;0.05168;0.12034;0.29867;0
14:11:24.470;0.11331;0.36182;0.05673;0.10711;0.28802;0
14:11:24.570;0.07673;0.22189;0.03942;0.07872;0.18967;0
14:11:24.670;0.09928;0.29922;0.04858;0.08732;0.23693;0
14:11:24.770;0.09553;0.30406;0.04821;0.0927;0.24473;0
14:11:24.870;0.13427;0.41243;0.05949;0.13383;0.34005;0
14:11:24.970;0.15993;0.47157;0.0598;0.13987;0.37566;0
14:11:25.070;0.07855;0.25278;0.02937;0.08102;0.20741;0
14:11:25.170;0.10634;0.33143;0.04252;0.10778;0.2735;0
14:11:25.270;0.11513;0.36869;0.04721;0.11192;0.29627;0
14:11:25.370;0.08581;0.30448;0.04191;0.08247;0.23471;0
14:11:25.470;0.09052;0.27081;0.03349;0.08779;0.2232;0
14:11:25.570;0.09096;0.29248;0.04671;0.09035;0.23659;0
14:11:25.670;0.13376;0.37972;0.05891;0.14044;0.3303;0
14:11:25.770;0.07555;0.26072;0.03496;0.07731;0.20767;0
14:11:25.870;0.09096;0.3243;0.03222;0.0868;0.24895;0
14:11:25.970;0.16111;0.5484;0.07629;0.16178;0.43599;0
14:11:26.070;0.06414;0.20848;0.03409;0.06611;0.17034;0
14:11:26.170;0.09455;0.26734;0.04159;0.08488;0.21854;0
14:11:26.270;0.07522;0.22511;0.04125;0.0712;0.18376;0
14:11:26.370;0.09231;0.29837;0.04362;0.09452;0.2437;0
14:11:26.470;0.11954;0.34472;0.04283;0.10359;0.27595;0
14:11:26.570;0.12445;0.3911;0.06167;0.10847;0.30402;0
14:11:26.670;0.12803;0.44718;0.05794;0.12619;0.34978;0
14:11:26.770;0.13281;0.40242;0.06021;0.12845;0.32966;0
14:11:26.870;0.12885;0.43285;0.06457;0.13085;0.34728;0
14:11:26.970;0.17128;0.55829;0.08942;0.16096;0.4401;0
14:11:27.070;0.11094;0.34394;0.05104;0.1091;0.28107;0
14:11:27.170;0.09141;0.32004;0.03623;0.08135;0.24137;0
14:11:27.270;0.1274;0.40698;0.06451;0.11005;0.31354;0
14:11:27.370;0.13065;0.38641;0.07032;0.11747;0.31067;0
14:11:27.470;0.11929;0.36919;0.04734;0.1074;0.292;0
14:11:27.570;0.09539;0.29457;0.05231;0.08334;0.23063;0
14:11:27.670;0.11324;0.36906;0.05129;0.10555;0.29008;0
14:11:27.770;0.13349;0.4138;0.05012;0.11439;0.32129;0
14:11:27.870;0.11418;0.37501;0.04551;0.11177;0.29927;0
14:11:27.970;0.15509;0.49921;0.06565;0.13879;0.38839;0
14:11:28.070;0.09758;0.34791;0.03808;0.09721;0.27116;0
14:11:28.170;0.16971;0.56082;0.07489;0.15704;0.43745;0
14:11:28.270;0.13101;0.39301;0.04875;0.12471;0.32121;0
14:11:28.370;0.12044;0.43081;0.04638;0.1184;0.3338;0
14:11:28.470;0.16205;0.51312;0.0689;0.14295;0.39951;0
14:11:28.570;0.15785;0.49429;0.05941;0.1372;0.38434;0
14:11:28.670;0.13441;0.41741;0.06736;0.11852;0.32723;0
14:11:28.770;0.08999;0.31347;0.04504;0.08316;0.23989;0
14:11:28.870;0.12647;0.45235;0.05534;0.12621;0.35238;0
14:11:28.970;0.12976;0.44878;0.07077;0.12263;0.34702;0
14:11:29.070;0.09744;0.32939;0.04096;0.08538;0.25008;0
14:11:29.170;0.12385;0.39167;0.06069;0.11012;0.30596;0
14:11:29.270;0.11978;0.37002;0.04498;0.11525;0.30026;0
14:11:29.370;0.11387;0.35418;0.05163;0.11524;0.29233;0
14:11:29.470;0.12866;0.37986;0.05829;0.12442;0.31435;0
14:11:29.570;0.12866;0.37325;0.06718;0.12569;0.31232;0
14:11:29.670;0.09671;0.30972;0.04158;0.08415;0.23902;0
14:11:29.770;0.13454;0.44361;0.05266;0.12568;0.34749;0
14:11:29.870;0.12175;0.36421;0.04362;0.12228;0.30439;0
14:11:29.970;0.16797;0.52039;0.07848;0.16908;0.42927;0
14:11:30.070;0.13212;0.40295;0.04875;0.13652;0.33799;0
14:11:30.170;0.10668;0.38196;0.03944;0.10134;0.29232;0
14:11:30.270;0.09659;0.32934;0.04343;0.08611;0.25078;0
14:11:30.370;0.1547;0.43464;0.05674;0.15517;0.3725;0
14:11:30.470;0.12936;0.36477;0.0493;0.12419;0.30657;0
14:11:30.570;0.11511;0.36727;0.04138;0.11504;0.29868;0
14:11:30.670;0.15429;0.44667;0.0759;0.1574;0.38074;0
14:11:30.770;0.1385;0.39738;0.06579;0.14423;0.34292;0
14:11:30.870;0.14587;0.42953;0.07469;0.14095;0.35572;0
14:11:30.970;0.16025;0.55899;0.06253;0.1542;0.43369;0
14:11:31.070;0.11798;0.36583;0.04531;0.12014;0.30305;0
14:11:31.170;0.1697;0.50323;0.07865;0.16627;0.41788;0
14:11:31.270;0.12114;0.42708;0.05681;0.12045;0.33399;0
14:11:31.370;0.11117;0.38545;0.0603;0.10012;0.29285;0
14:11:31.470;0.11953;0.38043;0.0622;0.12525;0.31546;0
14:11:31.570;0.09868;0.29339;0.04865;0.0975;0.2442;0
14:11:31.670;0.09991;0.31392;0.04659;0.1002;0.25716;0
14:11:31.770;0.15513;0.51853;0.06228;0.1464;0.40567;0
14:11:31.870;0.20215;0.71909;0.08705;0.17355;0.53309;0
14:11:31.970;0.11861;0.34316;0.04521;0.10868;0.28026;0
14:11:32.070;0.11181;0.36537;0.04457;0.1078;0.29049;0
14:11:32.170;0.13567;0.46626;0.07426;0.12262;0.35575;0
14:11:32.270;0.12522;0.40723;0.06112;0.11034;0.31396;0
14:11:32.370;0.13197;0.44222;0.05358;0.11734;0.33845;0
14:11:32.470;0.16747;0.53977;0.0878;0.17339;0.44328;0
14:11:32.570;0.1415;0.43814;0.05025;0.12315;0.34221;0
14:11:32.670;0.09143;0.27235;0.03606;0.08648;0.22265;0
14:11:32.770;0.10168;0.31025;0.04434;0.09278;0.2479;0
14:11:32.870;0.14469;0.40845;0.07539;0.14984;0.35406;0
14:11:32.970;0.0913;0.29159;0.03873;0.09261;0.2384;0
14:11:33.070;0.09831;0.28298;0.04437;0.09177;0.23326;0
14:11:33.170;0.09801;0.28981;0.0452;0.10286;0.24777;0
14:11:33.270;0.1379;0.44125;0.05719;0.14049;0.36112;0
14:11:33.370;0.14749;0.48312;0.06211;0.1268;0.36836;0
14:11:33.470;0.09103;0.31051;0.04061;0.07968;0.23493;0
14:11:33.570;0.13441;0.44238;0.06681;0.1337;0.35489;0
14:11:33.670;0.12345;0.41876;0.04855;0.12289;0.33226;0
14:11:33.770;0.11115;0.31833;0.05913;0.10221;0.26138;0
14:11:33.870;0.13234;0.44991;0.05839;0.13563;0.36058;0
14:11:33.970;0.12843;0.39624;0.06167;0.1207;0.31882;0
14:11:34.070;0.15495;0.45659;0.07225;0.13523;0.36353;0
14:11:34.170;0.14641;0.45141;0.05636;0.13742;0.36312;0
14:11:34.270;0.12169;0.35841;0.05057;0.11084;0.29004;0
14:11:34.370;0.11202;0.33884;0.0548;0.11271;0.28212;0
14:11:34.470;0.13675;0.46961;0.06127;0.1329;0.36771;0
14:11:34.570;0.12907;0.43039;0.05738;0.11863;0.33383;0
14:11:34.670;0.13923;0.48598;0.07474;0.13173;0.37472;0
14:11:34.770;0.11073;0.33688;0.04771;0.10655;0.27499;0
14:11:34.870;0.09322;0.28714;0.04093;0.09541;0.23898;0
14:11:34.970;0.11582;0.35334;0.04429;0.10568;0.28236;0
14:11:35.070;0.07904;0.24717;0.04028;0.08183;0.20542;0
14:11:35.170;0.10184;0.33078;0.03902;0.0916;0.25698;0
14:11:35.270;0.16971;0.48189;0.07448;0.16882;0.40976;0
14:11:35.370;0.16077;0.51765;0.06158;0.15966;0.41848;0
14:11:35.470;0.13086;0.4277;0.06891;0.13312;0.34697;0
14:11:35.570;0.14984;0.42967;0.07958;0.14989;0.36472;0
14:11:35.670;0.12462;0.35693;0.06376;0.12802;0.30648;0
14:11:35.770;0.15347;0.45898;0.06006;0.13926;0.36875;0
14:11:35.870;0.09848;0.27746;0.045;0.08662;0.22536;0
14:11:35.970;0.10052;0.34364;0.05495;0.09826;0.27008;0
14:11:36.070;0.08654;0.26727;0.03988;0.0907;0.22433;0
14:11:36.170;0.17811;0.5936;0.06699;0.15612;0.45292;0
14:11:36.270;0.11117;0.34066;0.04736;0.10125;0.27158;0
14:11:36.370;0.11284;0.38674;0.0559;0.09799;0.29135;0
14:11:36.470;0.10497;0.30489;0.05577;0.09259;0.24503;0
14:11:36.570;0.13121;0.44531;0.06638;0.12744;0.35009;0
14:11:36.670;0.09916;0.29218;0.04743;0.10016;0.24625;0
14:11:36.770;0.1237;0.38573;0.06116;0.12622;0.31908;0
14:11:36.870;0.13213;0.41896;0.04633;0.12415;0.33363;0
14:11:36.970;0.10972;0.36959;0.04008;0.09634;0.28113;0
14:11:37.070;0.06653;0.19568;0.02729;0.06936;0.1672;0
14:11:37.170;0.12831;0.38178;0.05343;0.13233;0.32322;0
14:11:37.270;0.10475;0.35853;0.04237;0.08963;0.2689;0
14:11:37.370;0.16025;0.47156;0.07565;0.13668;0.37246;0
14:11:37.470;0.12497;0.44393;0.054;0.10839;0.33035;0
14:11:37.570;0.07832;0.24584;0.04186;0.07879;0.20171;0
14:11:37.670;0.11899;0.33582;0.04584;0.10338;0.27129;0
14:11:37.770;0.15268;0.4335;0.0726;0.14709;0.36384;0
14:11:37.870;0.07021;0.21283;0.03006;0.06866;0.17508;0
14:11:37.970;0.18354;0.55879;0.09242;0.17463;0.45402;0
14:11:38.070;0.1197;0.33808;0.04877;0.11918;0.28822;0
14:11:38.170;0.13054;0.38231;0.05151;0.13667;0.32783;0
14:11:38.270;0.17357;0.5426;0.06366;0.15061;0.42191;0
14:11:38.370;0.12947;0.38695;0.0578;0.13317;0.32665;0
14:11:38.470;0.14702;0.45626;0.06091;0.13487;0.363;0
14:11:38.570;0.08065;0.2545;0.03156;0.07302;0.20027;0
14:11:38.670;0.1108;0.37277;0.03992;0.10151;0.28789;0
14:11:38.770;0.11543;0.3655;0.05894;0.10252;0.28527;0
14:11:38.870;0.09246;0.32155;0.03385;0.08442;0.2452;0
14:11:38.970;0.10017;0.30574;0.04369;0.08718;0.24005;0
14:11:39.070;0.09271;0.30399;0.04233;0.09687;0.24886;0
14:11:39.170;0.16009;0.49996;0.06369;0.14011;0.39009;0
14:11:39.270;0.15405;0.50444;0.08232;0.15949;0.41171;0
14:11:39.370;0.13814;0.45375;0.06327;0.12959;0.35647;0
14:11:39.470;0.17667;0.5264;0.08713;0.17899;0.44219;0
14:11:39.570;0.08199;0.27597;0.03783;0.08351;0.22149;0
14:11:39.670;0.13902;0.4993;0.05927;0.11932;0.36896;0
14:11:39.770;0.12619;0.44816;0.06421;0.11976;0.34384;0
14:11:39.870;0.122;0.38125;0.0643;0.121;0.31162;0
14:11:39.970;0.13548;0.4212;0.07261;0.12487;0.33547;0
14:11:40.070;0.09724;0.30333;0.04775;0.0878;0.23947;0
14:11:40.170;0.14062;0.4066;0.07101;0.12059;0.32389;0
14:11:40.270;0.10888;0.30801;0.04582;0.11228;0.26629;0
14:11:40.370;0.12866;0.41438;0.05043;0.1132;0.32039;0
14:11:40.470;0.19324;0.68897;0.1053;0.18371;0.52819;0
14:11:40.570;0.14507;0.44037;0.0516;0.15069;0.37088;0
14:11:40.670;0.07503;0.26999;0.03711;0.07011;0.2051;0
14:11:40.770;0.13247;0.41983;0.05123;0.12568;0.33559;0
14:11:40.870;0.10298;0.31857;0.04462;0.08805;0.24734;0
14:11:40.970;0.11002;0.3407;0.04049;0.10868;0.27902;0
14:11:41.070;0.12084;0.37666;0.05823;0.10887;0.2972;0
14:11:41.170;0.0972;0.29243;0.04598;0.09759;0.24381;0
14:11:41.270;0.12639;0.38508;0.06028;0.11357;0.30611;0
14:11:41.370;0.12292;0.39724;0.05051;0.107;0.30562;0
14:11:41.470;0.12385;0.43284;0.06122;0.10539;0.32181;0
14:11:41.570;0.11024;0.37592;0.05393;0.11464;0.3026;0
14:11:41.670;0.1618;0.49691;0.07267;0.16025;0.40871;0
14:11:41.770;0.12149;0.42092;0.04378;0.10468;0.31514;0
14:11:41.870;0.13922;0.41956;0.06986;0.13722;0.347;0
14:11:41.970;0.11557;0.39781;0.05309;0.10939;0.3083;0
14:11:42.070;0.1394;0.4693;0.0685;0.14606;0.38072;0
14:11:42.170;0.08679;0.26934;0.03771;0.07941;0.21408;0
14:11:42.270;0.1395;0.42645;0.05863;0.126;0.33923;0
14:11:42.370;0.09273;0.33081;0.04332;0.08584;0.25124;0
14:11:42.470;0.16281;0.51204;0.0798;0.15179;0.40782;0
14:11:42.570;0.12118;0.40008;0.06543;0.11815;0.31819;0
14:11:42.670;0.09678;0.34537;0.04102;0.09329;0.26598;0
14:11:42.770;0.10965;0.31511;0.04706;0.09892;0.25648;0
14:11:42.870;0.1303;0.41178;0.06016;0.11456;0.32045;0
14:11:42.970;0.13815;0.47866;0.0703;0.12568;0.36501;0
14:11:43.070;0.11703;0.4018;0.05001;0.10151;0.30241;0
14:11:43.170;0.1182;0.3926;0.0562;0.121;0.3173;0
14:11:43.270;0.09902;0.31029;0.05138;0.09107;0.24621;0
14:11:43.370;0.11892;0.35679;0.05186;0.12225;0.30065;0
14:11:43.470;0.09671;0.33965;0.03846;0.09615;0.26598;0
14:11:43.570;0.13758;0.42545;0.04945;0.13102;0.34374;0
14:11:43.670;0.13346;0.40198;0.05348;0.13419;0.33518;0
14:11:43.770;0.11915;0.37166;0.06469;0.10742;0.29325;0
14:11:43.870;0.13883;0.43822;0.07392;0.14549;0.36461;0
14:11:43.970;0.10193;0.2905;0.05336;0.08788;0.23313;0
14:11:44.070;0.09326;0.30632;0.04731;0.09034;0.2435;0
14:11:44.170;0.14993;0.48504;0.06477;0.14106;0.38358;0
14:11:44.270;0.0749;0.24092;0.03944;0.07136;0.19182;0
14:11:44.370;0.13379;0.39099;0.07216;0.12076;0.31626;0
14:11:44.470;0.09995;0.30843;0.0464;0.09375;0.24796;0
14:11:44.570;0.12458;0.44169;0.046;0.12322;0.34407;0
14:11:44.670;0.10193;0.34126;0.05518;0.09727;0.2679;0
14:11:44.770;0.09449;0.26786;0.05109;0.08324;0.21717;0
14:11:44.870;0.13545;0.44537;0.06916;0.12037;0.34305;0
14:11:44.970;0.11141;0.33156;0.04877;0.11114;0.27692;0
14:11:45.070;0.11023;0.34703;0.059;0.10236;0.27588;0
14:11:45.170;0.09739;0.32066;0.05274;0.08962;0.24995;0
14:11:45.270;0.07571;0.24484;0.0406;0.07372;0.19615;0
14:11:45.370;0.09299;0.26934;0.05041;0.0796;0.21427;0
14:11:45.470;0.12129;0.41212;0.05225;0.10694;0.313;0
14:11:45.570;0.12112;0.4284;0.05116;0.12041;0.33461;0
14:11:45.670;0.11827;0.35867;0.04741;0.11626;0.29559;0
14:11:45.770;0.12271;0.36374;0.05344;0.10824;0.29012;0
14:11:45.870;0.13644;0.41271;0.05044;0.13475;0.34111;0
14:11:45.970;0.10951;0.36533;0.0412;0.09766;0.28032;0
14:11:46.070;0.14396;0.45255;0.05873;0.14188;0.36815;0
14:11:46.170;0.09312;0.32195;0.04186;0.08985;0.25082;0
14:11:46.270;0.14752;0.50912;0.08056;0.12823;0.38279;0
14:11:46.370;0.13867;0.40204;0.05969;0.12645;0.32747;0
14:11:46.470;0.13429;0.44996;0.04853;0.13247;0.35745;0
14:11:46.570;0.052;0.15739;0.01851;0.04828;0.12698;0
14:11:46.670;0.1436;0.50362;0.05651;0.14506;0.39687;0
14:11:46.770;0.10015;0.30772;0.05374;0.09982;0.25368;0
14:11:46.870;0.14713;0.44719;0.0558;0.13979;0.36339;0
14:11:46.970;0.11829;0.34548;0.05722;0.11051;0.28324;0
14:11:47.070;0.15207;0.50429;0.08069;0.1348;0.38695;0
14:11:47.170;0.18605;0.61545;0.0797;0.18515;0.49287;0
14:11:47.270;0.14771;0.4387;0.07781;0.1459;0.36525;0
14:11:47.370;0.13584;0.40765;0.06211;0.1373;0.34113;0
14:11:47.470;0.09881;0.34261;0.04193;0.10271;0.27402;0
14:11:47.570;0.09657;0.27877;0.03604;0.09017;0.22956;0
14:11:47.670;0.12088;0.39557;0.04307;0.10472;0.30251;0
14:11:47.770;0.11017;0.38416;0.04506;0.10573;0.29781;0
14:11:47.870;0.1043;0.37287;0.04047;0.0944;0.28083;0
14:11:47.970;0.15574;0.45785;0.0703;0.14264;0.37156;0
14:11:48.070;0.18445;0.63664;0.08271;0.16015;0.47847;0
14:11:48.170;0.1177;0.41447;0.04798;0.10225;0.30949;0
14:11:48.270;0.13562;0.46123;0.05929;0.11783;0.34844;0
14:11:48.370;0.13602;0.39317;0.04847;0.11712;0.3137;0
14:11:48.470;0.13679;0.46466;0.05871;0.14287;0.3752;0
14:11:48.570;0.12534;0.45052;0.05026;0.11103;0.33629;0
14:11:48.670;0.08369;0.25846;0.04041;0.08019;0.20942;0
14:11:48.770;0.1054;0.29727;0.04261;0.09331;0.24195;0
14:11:48.870;0.12355;0.43588;0.05474;0.12635;0.34429;0
14:11:48.970;0.05504;0.16542;0.02819;0.05354;0.13625;0
14:11:49.070;0.08366;0.26059;0.03829;0.08349;0.21378;0
14:11:49.170;0.16118;0.57333;0.06953;0.15885;0.44551;0
14:11:49.270;0.05819;0.18575;0.02043;0.05561;0.14849;0
14:11:49.370;0.13029;0.40474;0.05494;0.11585;0.31822;0
14:11:49.470;0.12569;0.44786;0.05707;0.10812;0.33205;0
14:11:49.570;0.15228;0.53461;0.05884;0.15148;0.41879;0
14:11:49.670;0.10061;0.30272;0.04014;0.08927;0.24063;0
14:11:49.770;0.14835;0.42429;0.05464;0.13995;0.3521;0
14:11:49.870;0.098;0.34554;0.03946;0.09438;0.26715;0
14:11:49.970;0.08818;0.301;0.03147;0.08962;0.24011;0
14:11:50.070;0.07348;0.24883;0.03254;0.06834;0.19275;0
14:11:50.170;0.09105;0.28166;0.0424;0.09414;0.23497;0
14:11:50.270;0.14334;0.40418;0.05514;0.14616;0.34825;0
14:11:50.370;0.13941;0.48267;0.06833;0.13037;0.37171;0
14:11:50.470;0.10998;0.37586;0.05568;0.09409;0.28202;0
14:11:50.570;0.1555;0.53203;0.06374;0.13247;0.39848;0
14:11:50.670;0.10301;0.31473;0.0493;0.10551;0.26287;0
14:11:50.770;0.10998;0.34503;0.05937;0.09383;0.26634;0
14:11:50.870;0.08974;0.27542;0.04075;0.07756;0.21527;0
14:11:50.970;0.12609;0.40573;0.05445;0.11046;0.31333;0
14:11:51.070;0.09155;0.29038;0.03996;0.09199;0.23718;0
14:11:51.170;0.12141;0.35087;0.05662;0.11622;0.29165;0
14:11:51.270;0.11143;0.38411;0.05104;0.10868;0.30073;0
14:11:51.370;0.1264;0.36953;0.06468;0.11149;0.29625;0
14:11:51.470;0.08967;0.26527;0.03275;0.0868;0.21943;0
14:11:51.570;0.11533;0.37483;0.05287;0.10668;0.29409;0
14:11:51.670;0.14465;0.4462;0.06585;0.12475;0.34785;0
14:11:51.770;0.14006;0.43516;0.07133;0.13976;0.35734;0
14:11:51.870;0.12193;0.34686;0.04692;0.11092;0.28436;0
14:11:51.970;0.14944;0.47405;0.0552;0.14922;0.38625;0
14:11:52.070;0.06977;0.22015;0.03617;0.07178;0.18186;0
14:11:52.170;0.09597;0.29734;0.03769;0.08741;0.23608;0
14:11:52.270;0.11511;0.40635;0.05626;0.11721;0.32038;0
14:11:52.370;0.1273;0.4572;0.04829;0.114;0.3426;0
14:11:52.470;0.14721;0.4504;0.05649;0.13072;0.35593;0
14:11:52.570;0.13414;0.42132;0.04793;0.12745;0.33811;0
14:11:52.670;0.10103;0.30724;0.04267;0.10045;0.25407;0
14:11:52.770;0.11752;0.37051;0.0499;0.10382;0.28908;0
14:11:52.870;0.07416;0.21442;0.02618;0.07452;0.18173;0
14:11:52.970;0.11166;0.36232;0.04925;0.10872;0.28989;0
14:11:53.070;0.15777;0.56449;0.08258;0.14871;0.43096;0
14:11:53.170;0.13047;0.40398;0.06755;0.11814;0.32013;0
14:11:53.270;0.13904;0.46652;0.07306;0.12704;0.3603;0
14:11:53.370;0.11549;0.33081;0.05148;0.11313;0.27853;0
14:11:53.470;0.10145;0.35511;0.04186;0.10573;0.28328;0
14:11:53.570;0.11562;0.3758;0.05477;0.1089;0.2968;0
14:11:53.670;0.0836;0.29045;0.03676;0.07116;0.21639;0
14:11:53.770;0.11856;0.41154;0.0514;0.10139;0.30716;0
14:11:53.870;0.09886;0.28661;0.05298;0.09257;0.23588;0
14:11:53.970;0.11779;0.37738;0.04212;0.11091;0.2996;0
14:11:54.070;0.11925;0.36818;0.05257;0.10854;0.29262;0
14:11:54.170;0.15761;0.53641;0.05752;0.14933;0.41753;0
14:11:54.270;0.12932;0.39288;0.04621;0.11649;0.31293;0
14:11:54.370;0.13654;0.41134;0.05985;0.14037;0.34604;0
14:11:54.470;0.14026;0.43096;0.05326;0.13325;0.34873;0
14:11:54.570;0.10004;0.31044;0.05049;0.08561;0.24083;0
14:11:54.670;0.12617;0.37215;0.05661;0.10965;0.29572;0
14:11:54.770;0.1396;0.46196;0.06031;0.12502;0.356;0
14:11:54.870;0.1459;0.41776;0.07413;0.13683;0.34571;0
14:11:54.970;0.14671;0.45208;0.06708;0.14549;0.37154;0
14:11:55.070;0.09137;0.31273;0.04477;0.08884;0.2452;0
14:11:55.170;0.09998;0.35173;0.0462;0.09695;0.27282;0
14:11:55.270;0.08242;0.24632;0.04382;0.07979;0.20295;0
14:11:55.370;0.14848;0.47976;0.07192;0.14599;0.38587;0
14:11:55.470;0.12106;0.3541;0.04858;0.10544;0.28249;0
14:11:55.570;0.11784;0.3778;0.05657;0.11761;0.30651;0
14:11:55.670;0.1785;0.56809;0.074;0.18431;0.46835;0
14:11:55.770;0.11143;0.39756;0.04444;0.09607;0.29485;0
14:11:55.870;0.13072;0.46128;0.06255;0.11971;0.35035;0
14:11:55.970;0.16662;0.54131;0.0666;0.15662;0.42728;0
14:11:56.070;0.09528;0.28011;0.04425;0.08667;0.22673;0
14:11:56.170;0.11939;0.40877;0.06339;0.1071;0.31148;0
14:11:56.270;0.12167;0.40473;0.04542;0.10643;0.3088;0
14:11:56.370;0.08131;0.26858;0.03105;0.07308;0.20737;0
14:11:56.470;0.14474;0.46134;0.07094;0.12787;0.35854;0
14:11:56.570;0.16436;0.55055;0.06031;0.15478;0.43006;0
14:11:56.670;0.11489;0.36316;0.05162;0.11724;0.29883;0
14:11:56.770;0.13498;0.45133;0.05009;0.13847;0.36413;0
14:11:56.870;0.14648;0.46186;0.0655;0.1286;0.35953;0
14:11:56.970;0.13356;0.38244;0.06367;0.12582;0.31703;0
14:11:57.070;0.15434;0.50993;0.05997;0.14955;0.40451;0
14:11:57.170;0.11439;0.3951;0.04176;0.11906;0.31661;0
14:11:57.270;0.11349;0.36119;0.05571;0.10771;0.2883;0
14:11:57.370;0.14042;0.44956;0.05874;0.13181;0.35659;0
14:11:57.470;0.11076;0.3494;0.04501;0.11282;0.28752;0
14:11:57.570;0.08484;0.29034;0.03695;0.08813;0.2333;0
14:11:57.670;0.11354;0.32652;0.04939;0.11825;0.28151;0
14:11:57.770;0.0938;0.28017;0.04654;0.09847;0.23856;0
14:11:57.870;0.13873;0.47407;0.0621;0.1324;0.36944;0
14:11:57.970;0.12052;0.38079;0.05041;0.10294;0.29334;0
14:11:58.070;0.11407;0.33718;0.05932;0.11388;0.28247;0
14:11:58.170;0.14772;0.47394;0.06959;0.12573;0.3627;0
14:11:58.270;0.13929;0.47744;0.06135;0.13959;0.37831;0
14:11:58.370;0.12146;0.42981;0.06547;0.12375;0.33866;0
14:11:58.470;0.16886;0.50895;0.08757;0.17334;0.42781;0
14:11:58.570;0.12489;0.36559;0.06534;0.11665;0.29944;0
14:11:58.670;0.11661;0.40647;0.04228;0.11851;0.32175;0
14:11:58.770;0.12532;0.35199;0.05253;0.12761;0.30361;0
14:11:58.870;0.12902;0.43468;0.05116;0.11009;0.32743;0
14:11:58.970;0.08298;0.29765;0.02989;0.0862;0.23502;0
14:11:59.070;0.15238;0.52316;0.07076;0.15136;0.41294;0
14:11:59.170;0.1472;0.46543;0.06377;0.12752;0.36023;0
14:11:59.270;0.10956;0.37321;0.05159;0.10756;0.29416;0
14:11:59.370;0.11431;0.33511;0.04862;0.10836;0.27591;0
14:11:59.470;0.11974;0.39539;0.04801;0.12427;0.32196;0
14:11:59.570;0.085;0.24905;0.03145;0.08324;0.20776;0
14:11:59.670;0.08853;0.25057;0.04663;0.07631;0.2016;0
14:11:59.770;0.12222;0.36278;0.04678;0.12064;0.30203;0
14:11:59.870;0.11893;0.40791;0.06008;0.10659;0.31055;0
14:11:59.970;0.13641;0.401;0.06106;0.12761;0.32811;0
14:12:00.070;0.16947;0.53913;0.06355;0.14798;0.41754;0
14:12:00.170;0.13583;0.39874;0.05485;0.11975;0.31912;0
14:12:00.270;0.12291;0.3714;0.05163;0.11042;0.29612;0
14:12:00.370;0.15068;0.48548;0.06512;0.13398;0.37672;0
14:12:00.470;0.14668;0.4256;0.0629;0.12594;0.33874;0
14:12:00.570;0.1322;0.43331;0.04784;0.12825;0.34491;0
14:12:00.670;0.10008;0.30779;0.04746;0.10324;0.25714;0
14:12:00.770;0.14195;0.46865;0.07501;0.13849;0.37282;0
14:12:00.870;0.11751;0.36262;0.04139;0.10311;0.28442;0
14:12:00.970;0.14969;0.45574;0.05282;0.13311;0.36098;0
14:12:01.070;0.16687;0.49808;0.08512;0.15918;0.40822;0
14:12:01.170;0.09329;0.26647;0.03656;0.09226;0.22549;0
14:12:01.270;0.09535;0.30086;0.03457;0.08985;0.24027;0
14:12:01.370;0.1355;0.39484;0.0485;0.13496;0.33238;0
14:12:01.470;0.10871;0.38423;0.03806;0.10675;0.29886;0
14:12:01.570;0.13681;0.39566;0.0618;0.14266;0.34049;0
14:12:01.670;0.08145;0.23625;0.03064;0.07206;0.19018;0
14:12:01.770;0.12884;0.38948;0.06468;0.11847;0.31321;0
14:12:01.870;0.0947;0.31107;0.03365;0.08887;0.24441;0
14:12:01.970;0.0821;0.263;0.03346;0.07337;0.20486;0
14:12:02.070;0.10797;0.30367;0.04637;0.09556;0.24739;0
14:12:02.170;0.06225;0.19465;0.0305;0.05888;0.1562;0
14:12:02.270;0.13874;0.47674;0.06404;0.12255;0.36092;0
14:12:02.370;0.13346;0.41012;0.0611;0.12208;0.32714;0
14:12:02.470;0.10473;0.36635;0.03949;0.09589;0.27907;0
14:12:02.570;0.09425;0.28292;0.03586;0.09281;0.23427;0
14:12:02.670;0.14598;0.47146;0.06644;0.14915;0.38489;0
14:12:02.770;0.16692;0.56529;0.06797;0.15568;0.43832;0
14:12:02.870;0.11641;0.38476;0.06163;0.11589;0.30827;0
14:12:02.970;0.11038;0.34589;0.05886;0.09575;0.2687;0
14:12:03.070;0.11955;0.38333;0.05472;0.1114;0.30307;0
14:12:03.170;0.10015;0.29722;0.053;0.09669;0.2453;0
14:12:03.270;0.14022;0.42157;0.05324;0.12259;0.33337;0
14:12:03.370;0.13181;0.4733;0.05177;0.11595;0.3526;0
14:12:03.470;0.13783;0.45566;0.06868;0.12282;0.35065;0
14:12:03.570;0.10916;0.38791;0.05342;0.11103;0.30498;0
14:12:03.670;0.10857;0.3094;0.03851;0.10001;0.25471;0
14:12:03.770;0.10297;0.35295;0.04235;0.09633;0.2728;0
14:12:03.870;0.11816;0.41131;0.06053;0.10299;0.30865;0
14:12:03.970;0.11893;0.39716;0.0535;0.10374;0.30232;0
14:12:04.070;0.07893;0.24541;0.04265;0.06709;0.1898;0
14:12:04.170;0.11782;0.33136;0.06218;0.11482;0.28051;0
14:12:04.270;0.08188;0.23021;0.02911;0.07874;0.19384;0
14:12:04.370;0.12333;0.42958;0.05624;0.10828;0.32307;0
14:12:04.470;0.09517;0.34098;0.04994;0.09988;0.27037;0
14:12:04.570;0.11081;0.34675;0.04128;0.10539;0.27876;0
14:12:04.670;0.13923;0.44982;0.06502;0.14104;0.36595;0
14:12:04.770;0.10603;0.31429;0.05241;0.09894;0.25608;0
14:12:04.870;0.09143;0.32111;0.04052;0.09464;0.25519;0
14:12:04.970;0.15559;0.45417;0.06532;0.15679;0.38387;0
14:12:05.070;0.12528;0.42445;0.04944;0.11617;0.32839;0
14:12:05.170;0.06682;0.19623;0.02933;0.06129;0.1594;0
14:12:05.270;0.13247;0.4663;0.05169;0.11296;0.34611;0
14:12:05.370;0.12519;0.39896;0.0602;0.10715;0.30663;0
14:12:05.470;0.12378;0.43462;0.05732;0.11905;0.33636;0
14:12:05.570;0.10817;0.37756;0.04609;0.09728;0.28606;0
14:12:05.670;0.10735;0.33278;0.04636;0.10468;0.27107;0
14:12:05.770;0.08756;0.29429;0.04612;0.08665;0.23379;0
14:12:05.870;0.0703;0.23825;0.0314;0.06444;0.18357;0
14:12:05.970;0.12708;0.43916;0.05815;0.1304;0.34998;0
14:12:06.070;0.11853;0.35232;0.04948;0.10505;0.28121;0
14:12:06.170;0.13138;0.47063;0.05012;0.11888;0.3542;0
14:12:06.270;0.07139;0.25046;0.03774;0.06475;0.18998;0
14:12:06.370;0.12041;0.35279;0.05755;0.11169;0.28809;0
14:12:06.470;0.08244;0.25766;0.03133;0.08357;0.2124;0
14:12:06.570;0.11226;0.35992;0.05728;0.0979;0.27786;0
14:12:06.670;0.11072;0.32881;0.04443;0.10804;0.27245;0
14:12:06.770;0.09379;0.33535;0.04898;0.08485;0.25252;0
14:12:06.870;0.14802;0.46412;0.06229;0.13221;0.36427;0
14:12:06.970;0.11171;0.40211;0.0569;0.10835;0.3094;0
14:12:07.070;0.10599;0.3218;0.05423;0.10171;0.26261;0
14:12:07.170;0.12147;0.34337;0.04299;0.11703;0.28871;0
14:12:07.270;0.09862;0.32928;0.04083;0.10294;0.26758;0
14:12:07.370;0.13313;0.46515;0.05148;0.12632;0.3589;0
14:12:07.470;0.1059;0.3248;0.04312;0.09423;0.25663;0
14:12:07.570;0.11554;0.39535;0.04511;0.10732;0.30499;0
14:12:07.670;0.12837;0.38611;0.06421;0.13323;0.32628;0
14:12:07.770;0.09433;0.28384;0.04277;0.09015;0.23207;0
14:12:07.870;0.08337;0.27023;0.03344;0.07536;0.21047;0
14:12:07.970;0.14711;0.48284;0.07424;0.14665;0.38807;0
14:12:08.070;0.12634;0.41387;0.0682;0.12385;0.33079;0
14:12:08.170;0.13195;0.47294;0.07239;0.11919;0.35566;0
14:12:08.270;0.16714;0.55229;0.08073;0.15893;0.43508;0
14:12:08.370;0.1283;0.36612;0.04892;0.13157;0.31462;0
14:12:08.470;0.14313;0.41285;0.06883;0.12467;0.33109;0
14:12:08.570;0.12301;0.39404;0.04834;0.12214;0.31916;0
14:12:08.670;0.12126;0.42363;0.05837;0.12728;0.3391;0
14:12:08.770;0.14243;0.411;0.07538;0.12165;0.32715;0
14:12:08.870;0.13137;0.38087;0.06388;0.1283;0.31874;0
14:12:08.970;0.08042;0.27963;0.02982;0.07224;0.21206;0
14:12:09.070;0.12498;0.37561;0.04556;0.12647;0.31427;0
14:12:09.170;0.09676;0.32519;0.03464;0.0915;0.25409;0
14:12:09.270;0.1537;0.51635;0.06305;0.14294;0.40112;0
14:12:09.370;0.12618;0.4225;0.04799;0.11697;0.32822;0
14:12:09.470;0.11969;0.36022;0.06439;0.11097;0.29107;0
14:12:09.570;0.11141;0.33323;0.05288;0.09881;0.26542;0
14:12:09.670;0.09233;0.29604;0.04103;0.08234;0.23036;0
14:12:09.770;0.12516;0.38906;0.06329;0.13077;0.3253;0
14:12:09.870;0.08212;0.2442;0.03211;0.07713;0.19923;0
14:12:09.970;0.10806;0.36764;0.05445;0.10161;0.28543;0
14:12:10.070;0.08782;0.27619;0.03995;0.08721;0.2253;0
14:12:10.170;0.11215;0.40042;0.04585;0.11687;0.31708;0
14:12:10.270;0.08451;0.26256;0.03482;0.07859;0.20987;0
14:12:10.370;0.09719;0.33573;0.05078;0.08688;0.25474;0
14:12:10.470;0.10894;0.36842;0.04049;0.10202;0.28623;0
14:12:10.570;0.08933;0.25365;0.04322;0.08065;0.20748;0
14:12:10.670;0.12909;0.3658;0.05841;0.12375;0.30665;0
14:12:10.770;0.1283;0.44297;0.06788;0.114;0.33548;0
14:12:10.870;0.13246;0.3834;0.06473;0.12982;0.32152;0
14:12:10.970;0.12374;0.36888;0.05519;0.12186;0.3063;0
14:12:11.070;0.12103;0.42151;0.05803;0.11597;0.32672;0
14:12:11.170;0.09291;0.31394;0.04419;0.09343;0.2504;0
14:12:11.270;0.15816;0.50077;0.07734;0.13524;0.38562;0
14:12:11.370;0.10546;0.30538;0.04086;0.10562;0.25831;0
14:12:11.470;0.13393;0.47746;0.05394;0.11691;0.35564;0
14:12:11.570;0.11197;0.38132;0.04745;0.1111;0.30176;0
14:12:11.670;0.12919;0.43754;0.04576;0.12785;0.34661;0
14:12:11.770;0.10595;0.36441;0.0432;0.11007;0.29227;0
14:12:11.870;0.13246;0.40545;0.06314;0.12175;0.32447;0
14:12:11.970;0.13138;0.45914;0.05846;0.11984;0.34941;0
14:12:12.070;0.12499;0.37912;0.05297;0.12176;0.31132;0
14:12:12.170;0.2072;0.71315;0.11371;0.19546;0.55204;0
14:12:12.270;0.1318;0.41185;0.06764;0.13712;0.34304;0
14:12:12.370;0.1694;0.51979;0.08513;0.1715;0.43139;0
14:12:12.470;0.15049;0.49162;0.07317;0.13897;0.38478;0
14:12:12.570;0.13415;0.44312;0.05443;0.11876;0.34032;0
14:12:12.670;0.12373;0.3625;0.04617;0.113;0.29425;0
14:12:12.770;0.12125;0.42505;0.04586;0.1031;0.31562;0
14:12:12.870;0.15161;0.4434;0.05435;0.1386;0.3603;0
14:12:12.970;0.13504;0.39623;0.0674;0.12133;0.31944;0
14:12:13.070;0.13649;0.39233;0.06878;0.128;0.32416;0
14:12:13.170;0.0936;0.27106;0.05147;0.0837;0.21923;0
14:12:13.270;0.12627;0.39248;0.0451;0.11121;0.30745;0
14:12:13.370;0.13856;0.4359;0.06561;0.13428;0.35222;0
14:12:13.470;0.14087;0.484;0.07016;0.12182;0.36382;0
14:12:13.570;0.07775;0.23259;0.04151;0.07287;0.18916;0
14:12:13.670;0.1425;0.42017;0.05245;0.12942;0.33951;0
14:12:13.770;0.13637;0.46765;0.04877;0.13293;0.36676;0
14:12:13.870;0.12828;0.39738;0.04544;0.13243;0.33112;0
14:12:13.970;0.13242;0.37236;0.06872;0.136;0.32218;0
14:12:14.070;0.17064;0.50965;0.06953;0.15067;0.40549;0
14:12:14.170;0.18117;0.52133;0.09659;0.17387;0.43454;0
14:12:14.270;0.17711;0.62223;0.06806;0.15105;0.46216;0
14:12:14.370;0.14479;0.43638;0.05667;0.12518;0.34336;0
14:12:14.470;0.13318;0.40796;0.04698;0.13581;0.33979;0
14:12:14.570;0.11586;0.32578;0.04436;0.11674;0.27963;0
14:12:14.670;0.17042;0.56149;0.07759;0.17038;0.45112;0
14:12:14.770;0.143;0.49361;0.07127;0.13056;0.37736;0
14:12:14.870;0.09701;0.28365;0.0481;0.08937;0.2312;0
14:12:14.970;0.0894;0.29172;0.03561;0.08405;0.22991;0
14:12:15.070;0.13622;0.4894;0.048;0.13594;0.38064;0
14:12:15.170;0.12858;0.41132;0.05118;0.12756;0.33322;0
14:12:15.270;0.09425;0.28718;0.04569;0.09455;0.23814;0
14:12:15.370;0.07549;0.21529;0.02664;0.06712;0.17476;0
14:12:15.470;0.12064;0.42186;0.05205;0.12551;0.33644;0
14:12:15.570;0.10088;0.30033;0.04705;0.0888;0.23897;0
14:12:15.670;0.12467;0.40733;0.064;0.11251;0.31618;0
14:12:15.770;0.14984;0.45085;0.06442;0.12894;0.35436;0
14:12:15.870;0.1004;0.29722;0.04177;0.09272;0.24133;0
14:12:15.970;0.15581;0.5377;0.08182;0.13362;0.40247;0
14:12:16.070;0.0933;0.30933;0.04051;0.08595;0.24061;0
14:12:16.170;0.12504;0.37505;0.06686;0.12276;0.31029;0
14:12:16.270;0.12477;0.43202;0.06814;0.11132;0.32733;0
14:12:16.370;0.12759;0.39212;0.0651;0.11054;0.3066;0
14:12:16.470;0.12039;0.42326;0.06105;0.12447;0.3361;0
14:12:16.570;0.14715;0.51471;0.06023;0.15177;0.40913;0
14:12:16.670;0.1557;0.50133;0.0775;0.13594;0.38661;0
14:12:16.770;0.07901;0.28058;0.04119;0.07533;0.21562;0
14:12:16.870;0.09614;0.31714;0.04021;0.08646;0.24503;0
14:12:16.970;0.10654;0.31367;0.04581;0.10784;0.26468;0
14:12:17.070;0.14468;0.45494;0.06796;0.13333;0.36079;0
14:12:17.170;0.08827;0.25286;0.03295;0.0864;0.21283;0
14:12:17.270;0.12079;0.3827;0.0484;0.10824;0.29959;0
14:12:17.370;0.12584;0.36233;0.05299;0.12893;0.3101;0
14:12:17.470;0.13042;0.42561;0.0677;0.13127;0.34408;0
14:12:17.570;0.12216;0.39676;0.06249;0.12082;0.3192;0
14:12:17.670;0.1192;0.3791;0.05514;0.10965;0.2992;0
14:12:17.770;0.11963;0.41827;0.06483;0.11739;0.32653;0
14:12:17.870;0.10348;0.32396;0.03695;0.08929;0.25127;0
14:12:17.970;0.1446;0.42582;0.05937;0.14707;0.35998;0
14:12:18.070;0.16106;0.49155;0.08352;0.14996;0.39573;0
14:12:18.170;0.11509;0.41166;0.05345;0.11711;0.32294;0
14:12:18.270;0.0922;0.30668;0.04081;0.08424;0.23758;0
14:12:18.370;0.08323;0.23923;0.03316;0.08574;0.20535;0
14:12:18.470;0.16408;0.5007;0.06476;0.1667;0.41705;0
14:12:18.570;0.12925;0.44514;0.06031;0.13408;0.35664;0
14:12:18.670;0.10557;0.34705;0.0384;0.10185;0.27537;0
14:12:18.770;0.13203;0.40532;0.07139;0.11267;0.31533;0
14:12:18.870;0.12242;0.37985;0.06115;0.11327;0.3032;0
14:12:18.970;0.10713;0.32206;0.05181;0.09173;0.25276;0
14:12:19.070;0.11642;0.34644;0.04254;0.1216;0.29482;0
14:12:19.170;0.12933;0.45119;0.06128;0.12093;0.34652;0
14:12:19.270;0.14678;0.52662;0.07854;0.12953;0.39284;0
14:12:19.370;0.14808;0.51;0.06293;0.13029;0.38529;0
14:12:19.470;0.13966;0.41962;0.07318;0.13704;0.34685;0
14:12:19.570;0.12364;0.36216;0.04354;0.12448;0.30556;0
14:12:19.670;0.12581;0.38603;0.06265;0.12208;0.31509;0
14:12:19.770;0.14236;0.47079;0.05201;0.12652;0.36192;0
14:12:19.870;0.09643;0.32898;0.04197;0.09152;0.25602;0
14:12:19.970;0.11602;0.34237;0.04318;0.12057;0.29175;0
14:12:20.070;0.13518;0.44245;0.06039;0.11928;0.3405;0
14:12:20.170;0.09337;0.27348;0.03514;0.09671;0.23345;0
14:12:20.270;0.12216;0.38834;0.04883;0.11277;0.30694;0
14:12:20.370;0.16493;0.47077;0.06724;0.16873;0.40412;0
14:12:20.470;0.09865;0.28141;0.04863;0.10124;0.24195;0
14:12:20.570;0.13927;0.48254;0.05266;0.12953;0.3708;0
14:12:20.670;0.12869;0.39441;0.0534;0.12969;0.3269;0
14:12:20.770;0.13928;0.47218;0.04973;0.14144;0.37754;0
14:12:20.870;0.1956;0.67865;0.08761;0.17502;0.51434;0
14:12:20.970;0.08976;0.27442;0.04573;0.09408;0.23129;0
14:12:21.070;0.10962;0.38626;0.04871;0.096;0.28913;0
14:12:21.170;0.16672;0.54647;0.0828;0.14459;0.41783;0
14:12:21.270;0.10142;0.34501;0.0362;0.0971;0.26961;0
14:12:21.370;0.09006;0.28821;0.04761;0.09407;0.23817;0
14:12:21.470;0.11531;0.35333;0.05928;0.113;0.28967;0
14:12:21.570;0.11166;0.39567;0.04297;0.11001;0.30784;0
14:12:21.670;0.14004;0.49023;0.07635;0.12016;0.36528;0
14:12:21.770;0.11958;0.40799;0.05731;0.11259;0.31658;0
14:12:21.870;0.11416;0.33688;0.05797;0.11442;0.28286;0
14:12:21.970;0.16359;0.48935;0.08929;0.16606;0.41074;0
14:12:22.070;0.14951;0.42771;0.07972;0.13717;0.35103;0
14:12:22.170;0.10354;0.36918;0.05052;0.09933;0.28392;0
14:12:22.270;0.11676;0.34871;0.05346;0.10396;0.27831;0
14:12:22.370;0.12739;0.36462;0.05382;0.12424;0.30655;0
14:12:22.470;0.09678;0.28665;0.05291;0.09891;0.24224;0
14:12:22.570;0.10983;0.31285;0.04079;0.1036;0.26003;0
14:12:22.670;0.08767;0.27708;0.04633;0.08109;0.21963;0
14:12:22.770;0.12445;0.37908;0.06346;0.10976;0.2993;0
14:12:22.870;0.11706;0.37075;0.05776;0.10475;0.29013;0
14:12:22.970;0.11836;0.38097;0.04196;0.1075;0.29799;0
14:12:23.070;0.11444;0.40914;0.04684;0.11904;0.32361;0
14:12:23.170;0.12779;0.44818;0.05168;0.114;0.33809;0
14:12:23.270;0.15354;0.46665;0.05556;0.15995;0.39328;0
14:12:23.370;0.10765;0.32293;0.05521;0.11033;0.2718;0
14:12:23.470;0.11407;0.36971;0.04901;0.11269;0.29755;0
14:12:23.570;0.1098;0.31931;0.0567;0.10131;0.26096;0
14:12:23.670;0.0975;0.33055;0.03756;0.09303;0.2583;0
14:12:23.770;0.13829;0.45157;0.06191;0.12694;0.35272;0
14:12:23.870;0.08957;0.30933;0.03517;0.07619;0.23085;0
14:12:23.970;0.13285;0.4188;0.05995;0.12699;0.33639;0
14:12:24.070;0.12041;0.38726;0.05897;0.12288;0.31651;0
14:12:24.170;0.15848;0.47044;0.06527;0.16246;0.39768;0
14:12:24.270;0.14633;0.46322;0.06341;0.13175;0.36335;0
14:12:24.370;0.11289;0.35582;0.04683;0.10932;0.28723;0
14:12:24.470;0.08797;0.28336;0.03223;0.07988;0.22156;0
14:12:24.570;0.13081;0.3916;0.06494;0.11803;0.31383;0
14:12:24.670;0.11314;0.38935;0.05103;0.11747;0.31214;0
14:12:24.770;0.14406;0.43919;0.0788;0.13615;0.35574;0
14:12:24.870;0.10897;0.32733;0.05097;0.11341;0.27707;0
14:12:24.970;0.12263;0.37027;0.06006;0.11161;0.29675;0
14:12:25.070;0.1049;0.30156;0.04033;0.10745;0.25823;0
14:12:25.170;0.06266;0.19468;0.02636;0.0647;0.16204;0
14:12:25.270;0.13706;0.43472;0.07306;0.14319;0.36055;0
14:12:25.370;0.10891;0.34617;0.05922;0.10216;0.27524;0
14:12:25.470;0.10545;0.31938;0.03905;0.10598;0.26568;0
14:12:25.570;0.11675;0.3324;0.04123;0.11776;0.28396;0
14:12:25.670;0.14691;0.49592;0.07179;0.13156;0.37952;0
14:12:25.770;0.15254;0.54148;0.07629;0.15792;0.42867;0
14:12:25.870;0.1478;0.51779;0.0625;0.1283;0.38719;0
14:12:25.970;0.11401;0.33046;0.04963;0.11407;0.2793;0
14:12:26.070;0.08854;0.28813;0.03161;0.07785;0.22191;0
14:12:26.170;0.14946;0.42867;0.07658;0.14884;0.36317;0
14:12:26.270;0.15099;0.44908;0.06251;0.13576;0.3603;0
14:12:26.370;0.13496;0.46932;0.05378;0.12259;0.35725;0
14:12:26.470;0.15195;0.54633;0.06135;0.14086;0.41403;0
14:12:26.570;0.13047;0.42662;0.04827;0.12212;0.33543;0
14:12:26.670;0.11962;0.3402;0.04399;0.11325;0.28335;0
14:12:26.770;0.1316;0.36986;0.06973;0.1311;0.31604;0
14:12:26.870;0.09712;0.28792;0.04803;0.10032;0.24427;0
14:12:26.970;0.06505;0.19819;0.02802;0.06013;0.15922;0
14:12:27.070;0.08129;0.2491;0.04274;0.07563;0.20018;0
14:12:27.170;0.11118;0.32203;0.05337;0.10619;0.26721;0
14:12:27.270;0.13879;0.40916;0.05502;0.14427;0.34885;0
14:12:27.370;0.13374;0.38376;0.05423;0.13315;0.32503;0
14:12:27.470;0.12953;0.38774;0.06269;0.11178;0.30565;0
14:12:27.570;0.13706;0.49211;0.06697;0.14187;0.38793;0
14:12:27.670;0.14066;0.46852;0.07014;0.14664;0.3809;0
14:12:27.770;0.12448;0.38427;0.0513;0.10959;0.30172;0
14:12:27.870;0.16567;0.55638;0.06689;0.14591;0.4241;0
14:12:27.970;0.16339;0.46075;0.07789;0.14021;0.37058;0
14:12:28.070;0.1357;0.3928;0.0599;0.11902;0.31542;0
14:12:28.170;0.09094;0.31543;0.03562;0.08187;0.23958;0
14:12:28.270;0.12427;0.36695;0.05699;0.11224;0.29572;0
14:12:28.370;0.14084;0.46898;0.07369;0.13;0.36449;0
14:12:28.470;0.10332;0.36632;0.03923;0.0951;0.27826;0
14:12:28.570;0.06196;0.17498;0.02691;0.05723;0.14472;0
14:12:28.670;0.11325;0.34554;0.04517;0.11358;0.28635;0
14:12:28.770;0.09641;0.34006;0.04255;0.08613;0.25616;0
14:12:28.870;0.08191;0.25435;0.03628;0.07463;0.2018;0
14:12:28.970;0.08016;0.28801;0.03743;0.07651;0.22051;0
14:12:29.070;0.14548;0.51576;0.06225;0.13866;0.39654;0
14:12:29.170;0.11394;0.36469;0.05629;0.11256;0.2949;0
14:12:29.270;0.11311;0.32806;0.042;0.1018;0.26583;0
14:12:29.370;0.06395;0.20132;0.0293;0.05975;0.16041;0
14:12:29.470;0.09084;0.27403;0.0423;0.08276;0.21977;0
14:12:29.570;0.11442;0.389;0.06247;0.10917;0.30368;0
14:12:29.670;0.09424;0.28201;0.03934;0.08572;0.22673;0
14:12:29.770;0.09178;0.28199;0.04343;0.08622;0.22722;0
14:12:29.870;0.15583;0.51686;0.06481;0.14615;0.40458;0
14:12:29.970;0.14886;0.50818;0.05812;0.14104;0.39514;0
14:12:30.070;0.1351;0.4325;0.05055;0.1211;0.33735;0
14:12:30.170;0.11465;0.3256;0.04769;0.11297;0.27577;0
14:12:30.270;0.08097;0.27829;0.04043;0.08406;0.22321;0
14:12:30.370;0.1223;0.39993;0.06153;0.12055;0.32051;0
14:12:30.470;0.10888;0.34459;0.0426;0.09317;0.26546;0
14:12:30.570;0.10941;0.32665;0.05073;0.10392;0.26724;0
14:12:30.670;0.15707;0.543;0.08561;0.16014;0.43164;0
14:12:30.770;0.13295;0.39848;0.05232;0.13418;0.33342;0
14:12:30.870;0.10932;0.3115;0.04856;0.09995;0.2557;0
14:12:30.970;0.1165;0.39281;0.05918;0.10567;0.30207;0
14:12:31.070;0.09971;0.33163;0.05;0.10048;0.26629;0
14:12:31.170;0.08646;0.29338;0.03322;0.07737;0.22406;0
14:12:31.270;0.12515;0.38914;0.06662;0.11647;0.31104;0
14:12:31.370;0.13193;0.43252;0.0599;0.11666;0.33292;0
14:12:31.470;0.14151;0.40085;0.05216;0.1344;0.33482;0
14:12:31.570;0.10969;0.38921;0.05891;0.10099;0.2956;0
14:12:31.670;0.13157;0.37828;0.05503;0.12039;0.30953;0
14:12:31.770;0.10783;0.34155;0.04994;0.09206;0.26284;0
14:12:31.870;0.09978;0.29343;0.04935;0.08516;0.23188;0
14:12:31.970;0.08366;0.25237;0.03874;0.08506;0.21124;0
14:12:32.070;0.07154;0.20043;0.03401;0.06834;0.16856;0
14:12:32.170;0.10551;0.31633;0.04187;0.10631;0.26448;0
14:12:32.270;0.13819;0.40638;0.05057;0.1422;0.34539;0
14:12:32.370;0.10494;0.3425;0.04003;0.09855;0.2698;0
14:12:32.470;0.07849;0.281;0.03726;0.07328;0.21379;0
14:12:32.570;0.14444;0.4662;0.05668;0.14612;0.37922;0
14:12:32.670;0.12357;0.43304;0.06066;0.11157;0.32809;0
14:12:32.770;0.13647;0.41831;0.05105;0.14036;0.34951;0
14:12:32.870;0.15421;0.45785;0.07632;0.15175;0.38067;0
14:12:32.970;0.12959;0.44118;0.05768;0.12092;0.34151;0
14:12:33.070;0.08327;0.29972;0.03379;0.07182;0.22168;0
14:12:33.170;0.14713;0.50379;0.06549;0.12973;0.38163;0
14:12:33.270;0.09513;0.31168;0.0377;0.09124;0.24708;0
14:12:33.370;0.09484;0.31209;0.04669;0.09202;0.24806;0
14:12:33.470;0.17023;0.48172;0.08809;0.17039;0.41125;0
14:12:33.570;0.09342;0.32604;0.0495;0.07987;0.24289;0
14:12:33.670;0.11948;0.42485;0.06313;0.11592;0.32835;0
14:12:33.770;0.09103;0.27125;0.04106;0.09069;0.22632;0
14:12:33.870;0.16274;0.46068;0.07403;0.1532;0.38354;0
14:12:33.970;0.08169;0.24501;0.04477;0.07849;0.20099;0
14:12:34.070;0.12829;0.42538;0.04669;0.11394;0.32663;0
14:12:34.170;0.12493;0.35637;0.05357;0.12967;0.30786;0
14:12:34.270;0.1338;0.38193;0.0639;0.13628;0.32724;0
14:12:34.370;0.13193;0.3834;0.06756;0.12352;0.31522;0
14:12:34.470;0.15502;0.48738;0.0597;0.13807;0.38176;0
14:12:34.570;0.08259;0.25209;0.0293;0.0718;0.19785;0
14:12:34.670;0.14247;0.49871;0.05888;0.1218;0.37115;0
14:12:34.770;0.09356;0.28644;0.04321;0.08187;0.22509;0
14:12:34.870;0.13315;0.42449;0.06272;0.13651;0.34875;0
14:12:34.970;0.10423;0.30385;0.05009;0.10289;0.25481;0
14:12:35.070;0.15708;0.49347;0.05588;0.13378;0.38052;0
14:12:35.170;0.14272;0.46537;0.05184;0.14503;0.37772;0
14:12:35.270;0.11477;0.36801;0.05974;0.10773;0.29174;0
14:12:35.370;0.12956;0.40429;0.04683;0.11837;0.32052;0
14:12:35.470;0.10907;0.37684;0.03967;0.11387;0.30229;0
14:12:35.570;0.09477;0.29393;0.04139;0.08505;0.23201;0
14:12:35.670;0.12541;0.38805;0.04625;0.11001;0.30404;0
14:12:35.770;0.11454;0.32806;0.0466;0.11909;0.28312;0
14:12:35.870;0.14838;0.48656;0.07492;0.13536;0.37864;0
14:12:35.970;0.11784;0.41502;0.05018;0.10435;0.31186;0
14:12:36.070;0.13025;0.41811;0.0549;0.13186;0.34091;0
14:12:36.170;0.1242;0.36694;0.05849;0.12218;0.30565;0
14:12:36.270;0.14015;0.45955;0.05497;0.13689;0.36666;0
14:12:36.370;0.15151;0.49731;0.07822;0.12924;0.37789;0
14:12:36.470;0.10915;0.33824;0.04683;0.11037;0.27949;0
14:12:36.570;0.13001;0.37816;0.04677;0.12447;0.31355;0
14:12:36.670;0.11822;0.42142;0.04855;0.11505;0.32575;0
